,src_ip,timestampmint,timestampmaxt
0,192.168.107.100,11:00:18.220,15:10:39.030
1,192.168.107.101,08:56:02.150,17:05:23.200
2,192.168.107.102,08:01:12.360,12:00:44.490
3,192.168.107.103,10:20:25.450,19:52:34.160
4,192.168.107.104,05:53:31.160,17:47:37.570
5,192.168.107.105,12:53:26.260,21:40:57.450
6,192.168.107.106,10:54:22.420,16:31:44.300
7,192.168.107.107,09:16:41.940,22:16:31.190
8,192.168.107.108,08:58:28.520,12:24:26.160
9,192.168.107.109,04:38:03.310,16:19:24.610
10,192.168.107.11,05:55:47.700,15:37:33.230
11,192.168.107.110,06:55:27.760,18:57:11.200
12,192.168.107.111,09:35:06.310,14:45:07.870
13,192.168.107.112,11:52:41.710,18:29:01.980
14,192.168.107.113,10:59:29.880,15:28:45.920
15,192.168.107.114,09:47:37.250,13:37:11.920
16,192.168.107.115,10:47:32.310,19:21:27.860
17,192.168.107.116,11:16:55.530,16:17:40.580
18,192.168.107.117,07:30:29.220,18:09:45.130
19,192.168.107.118,09:17:51.970,15:44:25.010
20,192.168.107.119,10:43:01.180,17:56:39.420
21,192.168.107.12,05:22:34.120,14:20:01.260
22,192.168.107.120,05:40:44.560,17:35:49.190
23,192.168.107.121,07:24:54.010,13:07:41.960
24,192.168.107.122,10:06:55.540,11:25:17.080
25,192.168.107.123,11:54:32.520,16:20:10.470
26,192.168.107.124,07:26:00.650,20:24:33.810
27,192.168.107.125,07:50:16.970,11:19:51.510
28,192.168.107.126,08:45:56.330,14:29:06.490
29,192.168.107.127,07:49:20.770,16:50:44.170
30,192.168.107.128,08:46:17.620,18:20:17.560
31,192.168.107.129,08:10:00.680,11:03:48.490
32,192.168.107.13,09:15:18.240,17:24:01.490
33,192.168.107.130,08:06:30.890,16:42:08.340
34,192.168.107.131,11:19:48.520,18:04:52.520
35,192.168.107.132,08:33:08.120,16:33:13.950
36,192.168.107.133,08:25:21.720,21:56:35.120
37,192.168.107.134,07:49:34.330,15:00:37.680
38,192.168.107.135,09:18:45.990,17:25:49.260
39,192.168.107.136,08:50:50.470,19:24:19.010
40,192.168.107.137,09:59:04.030,17:34:14.400
41,192.168.107.138,05:32:30.940,21:31:12.680
42,192.168.107.139,06:56:09.640,20:24:26.250
43,192.168.107.14,07:47:54.450,18:30:55.870
44,192.168.107.140,05:06:03.600,21:24:43.270
45,192.168.107.141,09:27:31.300,11:00:04.930
46,192.168.107.142,07:39:50.130,09:40:46.230
47,192.168.107.143,11:53:11.360,12:06:14.540
48,192.168.107.144,11:33:16.390,15:05:21.190
49,192.168.107.145,08:06:03.630,12:08:14.270
50,192.168.107.146,09:28:00.790,22:02:47.000
51,192.168.107.147,09:08:57.430,10:36:34.490
52,192.168.107.148,08:43:29.130,15:31:25.440
53,192.168.107.149,11:56:38.600,19:56:57.930
54,192.168.107.15,07:45:43.590,14:56:05.520
55,192.168.107.150,06:52:07.220,19:48:06.020
56,192.168.107.151,08:52:50.030,20:15:09.790
57,192.168.107.152,08:07:37.560,15:25:42.310
58,192.168.107.153,09:51:31.310,15:33:37.620
59,192.168.107.154,06:51:55.810,13:10:58.010
60,192.168.107.155,11:17:38.140,16:09:48.060
61,192.168.107.156,09:17:28.450,18:09:33.550
62,192.168.107.157,07:28:47.570,19:52:42.650
63,192.168.107.158,08:36:48.950,14:01:01.230
64,192.168.107.159,10:07:47.240,22:24:43.060
65,192.168.107.16,09:11:33.150,14:37:27.600
66,192.168.107.160,07:14:42.070,14:26:15.490
67,192.168.107.161,09:48:09.150,14:30:17.300
68,192.168.107.162,08:11:33.400,12:20:29.430
69,192.168.107.163,10:34:33.360,14:57:11.480
70,192.168.107.164,10:13:22.850,20:35:52.780
71,192.168.107.166,04:07:45.290,14:28:51.450
72,192.168.107.167,05:08:54.400,15:58:35.350
73,192.168.107.168,09:32:41.860,13:00:44.720
74,192.168.107.169,09:49:00.440,17:50:33.450
75,192.168.107.17,11:05:24.960,17:31:00.830
76,192.168.107.170,09:48:38.040,15:13:27.570
77,192.168.107.171,08:15:19.560,14:56:55.880
78,192.168.107.172,10:45:38.190,18:13:09.260
79,192.168.107.173,09:28:52.960,12:45:29.660
80,192.168.107.174,09:41:14.050,20:27:34.970
81,192.168.107.175,07:33:14.470,15:29:24.670
82,192.168.107.176,11:03:37.460,18:23:40.220
83,192.168.107.177,10:07:49.870,17:41:23.120
84,192.168.107.178,09:37:58.810,17:05:41.460
85,192.168.107.179,06:46:20.080,15:47:32.970
86,192.168.107.18,11:58:52.290,15:24:58.510
87,192.168.107.180,10:21:15.470,16:45:36.340
88,192.168.107.181,06:03:04.160,22:03:15.380
89,192.168.107.182,05:11:56.980,17:30:36.160
90,192.168.107.183,07:10:01.780,11:16:21.100
91,192.168.107.184,08:11:56.040,21:45:14.090
92,192.168.107.185,08:48:46.730,18:34:45.440
93,192.168.107.186,10:35:19.540,18:19:48.730
94,192.168.107.187,13:40:14.520,17:38:17.800
95,192.168.107.188,08:22:17.230,19:22:19.760
96,192.168.107.189,05:43:41.490,19:10:46.680
97,192.168.107.19,09:10:28.190,13:36:58.700
98,192.168.107.190,10:26:01.090,17:48:01.020
99,192.168.107.191,09:02:39.160,15:37:23.660
100,192.168.107.192,07:42:05.590,14:23:12.860
101,192.168.107.193,08:32:50.720,20:35:25.260
102,192.168.107.194,09:37:45.070,17:01:08.810
103,192.168.107.195,06:52:34.240,15:30:19.930
104,192.168.107.196,03:25:21.470,17:23:09.310
105,192.168.107.197,07:07:46.650,17:04:16.260
106,192.168.107.198,07:58:29.860,17:22:55.380
107,192.168.107.199,07:49:32.930,16:47:14.910
108,192.168.107.20,11:48:50.120,13:21:00.430
109,192.168.107.200,10:31:04.420,16:53:55.730
110,192.168.107.201,09:22:23.820,15:43:27.130
111,192.168.107.202,07:21:56.880,21:42:29.520
112,192.168.107.203,08:30:29.810,19:21:19.710
113,192.168.107.204,11:04:50.690,12:10:35.760
114,192.168.107.205,05:46:10.830,15:33:45.850
115,192.168.107.206,08:20:30.930,14:12:28.690
116,192.168.107.207,10:20:49.750,19:00:32.670
117,192.168.107.208,11:09:01.700,22:40:32.480
118,192.168.107.209,09:31:33.910,18:45:39.590
119,192.168.107.21,05:40:47.930,20:10:52.690
120,192.168.107.210,07:38:58.090,12:58:14.410
121,192.168.107.22,10:57:48.970,11:35:04.140
122,192.168.107.23,09:03:25.250,12:51:19.440
123,192.168.107.24,09:15:05.960,16:05:17.410
124,192.168.107.25,07:16:30.350,18:08:43.390
125,192.168.107.26,08:53:53.390,17:22:31.660
126,192.168.107.27,10:10:11.400,17:14:20.700
127,192.168.107.28,11:02:56.980,14:58:50.480
128,192.168.107.29,06:43:56.810,17:10:37.940
129,192.168.107.30,09:38:09.670,17:38:51.830
130,192.168.107.31,08:10:02.490,16:44:45.570
131,192.168.107.32,11:20:17.090,20:06:14.670
132,192.168.107.33,11:20:30.980,16:52:10.430
133,192.168.107.34,10:19:05.950,17:35:41.560
134,192.168.107.35,10:16:54.210,17:39:59.650
135,192.168.107.36,09:40:21.600,15:29:11.050
136,192.168.107.37,10:16:19.860,18:35:38.900
137,192.168.107.38,06:57:36.360,17:31:02.490
138,192.168.107.39,06:45:38.570,21:15:55.490
139,192.168.107.40,08:04:05.190,18:09:01.770
140,192.168.107.41,06:35:40.140,17:47:38.730
141,192.168.107.42,10:47:15.380,21:56:23.480
142,192.168.107.43,09:33:39.210,17:18:18.380
143,192.168.107.44,08:40:16.850,19:29:23.660
144,192.168.107.45,07:12:46.710,17:27:35.150
145,192.168.107.46,07:32:06.710,20:57:06.250
146,192.168.107.47,09:07:38.870,21:31:46.960
147,192.168.107.48,09:52:31.090,19:34:44.920
148,192.168.107.49,07:25:58.630,15:41:43.090
149,192.168.107.50,07:28:08.310,15:09:17.160
150,192.168.107.51,06:24:00.490,23:33:54.460
151,192.168.107.52,08:23:40.410,20:06:04.410
152,192.168.107.53,05:07:12.560,19:41:38.150
153,192.168.107.54,12:09:36.310,17:15:30.400
154,192.168.107.55,09:07:27.100,15:55:42.420
155,192.168.107.56,09:35:14.200,16:35:44.550
156,192.168.107.57,10:37:09.150,12:41:13.150
157,192.168.107.58,06:14:58.940,16:47:55.020
158,192.168.107.59,11:40:15.190,17:19:26.440
159,192.168.107.60,08:57:16.490,14:56:16.300
160,192.168.107.61,08:57:19.110,18:36:15.070
161,192.168.107.62,06:32:32.660,17:01:18.430
162,192.168.107.63,10:05:48.390,21:28:46.810
163,192.168.107.64,10:14:07.250,19:35:46.710
164,192.168.107.65,07:25:36.320,15:24:44.940
165,192.168.107.66,06:48:40.910,14:13:40.970
166,192.168.107.67,07:12:13.970,14:48:47.120
167,192.168.107.68,08:21:02.070,21:39:27.850
168,192.168.107.69,07:24:34.560,17:00:42.840
169,192.168.107.70,05:36:30.720,20:47:03.480
170,192.168.107.71,12:22:12.190,17:29:07.040
171,192.168.107.72,09:31:59.230,19:17:51.740
172,192.168.107.73,08:22:42.070,15:58:59.460
173,192.168.107.74,07:30:51.650,21:44:51.570
174,192.168.107.75,07:11:14.370,18:21:56.820
175,192.168.107.76,04:50:52.080,14:57:57.270
176,192.168.107.77,10:00:25.100,17:48:15.380
177,192.168.107.78,08:55:27.740,17:31:37.750
178,192.168.107.79,07:44:23.750,17:09:30.460
179,192.168.107.80,07:23:54.340,19:41:06.500
180,192.168.107.81,09:24:42.010,09:56:30.360
181,192.168.107.82,11:23:25.620,14:59:26.800
182,192.168.107.83,08:13:57.020,16:49:32.140
183,192.168.107.84,07:15:39.650,17:55:29.330
184,192.168.107.85,09:08:55.150,21:46:24.030
185,192.168.107.86,07:07:10.990,13:01:55.260
186,192.168.107.87,11:06:18.240,14:10:40.000
187,192.168.107.88,12:49:20.370,17:17:51.710
188,192.168.107.89,10:37:13.230,14:37:27.500
189,192.168.107.90,07:56:55.860,16:34:59.310
190,192.168.107.91,08:16:44.380,19:06:00.990
191,192.168.107.92,05:25:29.060,22:16:50.050
192,192.168.107.93,08:05:50.300,22:07:39.910
193,192.168.107.94,07:49:45.270,12:14:22.170
194,192.168.107.95,08:47:23.130,17:56:20.160
195,192.168.107.96,07:57:35.950,19:51:34.910
196,192.168.107.97,11:13:13.520,11:52:37.930
197,192.168.107.98,08:10:34.340,18:04:43.320
198,192.168.107.99,09:38:49.320,10:53:16.670
