,src_ip,dst_ip
0,192.168.107.100,"{'192.168.107.222', '192.168.107.238', '192.168.107.226', '192.168.107.227', '192.168.107.223', '192.168.107.234'}"
1,192.168.107.101,"{'192.168.107.222', '192.168.107.238', '192.168.107.226', '192.168.107.227', '192.168.107.223', '192.168.107.234'}"
2,192.168.107.102,"{'192.168.107.222', '192.168.107.238', '192.168.107.226', '192.168.107.227', '192.168.107.223', '192.168.107.234'}"
3,192.168.107.103,"{'192.168.107.222', '192.168.107.238', '192.168.107.226', '192.168.107.227', '192.168.107.223', '192.168.107.234'}"
4,192.168.107.104,"{'192.168.107.222', '192.168.107.238', '192.168.107.226', '192.168.107.227', '192.168.107.223', '192.168.107.234'}"
5,192.168.107.105,"{'192.168.107.222', '192.168.107.238', '192.168.107.226', '192.168.107.227', '192.168.107.223', '192.168.107.234'}"
6,192.168.107.106,"{'192.168.107.222', '192.168.107.238', '192.168.107.226', '192.168.107.227', '192.168.107.223', '192.168.107.234'}"
7,192.168.107.107,"{'192.168.107.222', '192.168.107.238', '192.168.107.226', '192.168.107.227', '192.168.107.223', '192.168.107.234'}"
8,192.168.107.108,"{'192.168.107.222', '192.168.107.238', '192.168.107.226', '192.168.107.227', '192.168.107.223', '192.168.107.234'}"
9,192.168.107.109,"{'192.168.107.222', '192.168.107.238', '192.168.107.226', '192.168.107.227', '192.168.107.223', '192.168.107.234'}"
10,192.168.107.11,"{'192.168.107.222', '192.168.107.238', '192.168.107.226', '192.168.107.227', '192.168.107.223', '192.168.107.234'}"
11,192.168.107.110,"{'192.168.107.222', '192.168.107.238', '192.168.107.226', '192.168.107.227', '192.168.107.223', '192.168.107.234'}"
12,192.168.107.111,"{'192.168.107.222', '192.168.107.238', '192.168.107.226', '192.168.107.227', '192.168.107.223', '192.168.107.234'}"
13,192.168.107.112,"{'192.168.107.222', '192.168.107.238', '192.168.107.226', '192.168.107.227', '192.168.107.223', '192.168.107.234'}"
14,192.168.107.113,"{'192.168.107.222', '192.168.107.238', '192.168.107.226', '192.168.107.227', '192.168.107.223', '192.168.107.234'}"
15,192.168.107.114,"{'192.168.107.222', '192.168.107.238', '192.168.107.226', '192.168.107.227', '192.168.107.223', '192.168.107.234'}"
16,192.168.107.115,"{'192.168.107.222', '192.168.107.238', '192.168.107.226', '192.168.107.227', '192.168.107.223', '192.168.107.234'}"
17,192.168.107.116,"{'192.168.107.222', '192.168.107.238', '192.168.107.226', '192.168.107.227', '192.168.107.223', '192.168.107.234'}"
18,192.168.107.117,"{'192.168.107.222', '192.168.107.238', '192.168.107.226', '192.168.107.227', '192.168.107.223', '192.168.107.234'}"
19,192.168.107.118,"{'192.168.107.222', '192.168.107.238', '192.168.107.226', '192.168.107.227', '192.168.107.223', '192.168.107.234'}"
20,192.168.107.119,"{'192.168.107.222', '192.168.107.238', '192.168.107.226', '192.168.107.227', '192.168.107.223', '192.168.107.234'}"
21,192.168.107.12,"{'192.168.107.222', '192.168.107.238', '192.168.107.226', '192.168.107.227', '192.168.107.223', '192.168.107.234'}"
22,192.168.107.120,"{'192.168.107.222', '192.168.107.238', '192.168.107.226', '192.168.107.227', '192.168.107.223', '192.168.107.234'}"
23,192.168.107.121,"{'192.168.107.222', '192.168.107.238', '192.168.107.226', '192.168.107.227', '192.168.107.223', '192.168.107.234'}"
24,192.168.107.122,"{'192.168.107.222', '192.168.107.238', '192.168.107.226', '192.168.107.227', '192.168.107.223', '192.168.107.234'}"
25,192.168.107.123,"{'192.168.107.222', '192.168.107.238', '192.168.107.226', '192.168.107.227', '192.168.107.223', '192.168.107.234'}"
26,192.168.107.124,"{'192.168.107.222', '192.168.107.238', '192.168.107.226', '192.168.107.227', '192.168.107.223', '192.168.107.234'}"
27,192.168.107.125,"{'192.168.107.222', '192.168.107.238', '192.168.107.226', '192.168.107.227', '192.168.107.223', '192.168.107.234'}"
28,192.168.107.126,"{'192.168.107.222', '192.168.107.238', '192.168.107.226', '192.168.107.227', '192.168.107.223', '192.168.107.234'}"
29,192.168.107.127,"{'192.168.107.222', '192.168.107.238', '192.168.107.226', '192.168.107.227', '192.168.107.223', '192.168.107.234'}"
30,192.168.107.128,"{'192.168.107.222', '192.168.107.238', '192.168.107.226', '192.168.107.227', '192.168.107.223', '192.168.107.234'}"
31,192.168.107.129,"{'192.168.107.222', '192.168.107.238', '192.168.107.226', '192.168.107.227', '192.168.107.223', '192.168.107.234'}"
32,192.168.107.13,"{'192.168.107.222', '192.168.107.238', '192.168.107.226', '192.168.107.227', '192.168.107.223', '192.168.107.234'}"
33,192.168.107.130,"{'192.168.107.222', '192.168.107.238', '192.168.107.226', '192.168.107.227', '192.168.107.223', '192.168.107.234'}"
34,192.168.107.131,"{'192.168.107.222', '192.168.107.238', '192.168.107.226', '192.168.107.227', '192.168.107.223', '192.168.107.234'}"
35,192.168.107.132,"{'192.168.107.222', '192.168.107.238', '192.168.107.226', '192.168.107.227', '192.168.107.223', '192.168.107.234'}"
36,192.168.107.133,"{'192.168.107.222', '192.168.107.238', '192.168.107.226', '192.168.107.227', '192.168.107.223', '192.168.107.234'}"
37,192.168.107.134,"{'192.168.107.222', '192.168.107.238', '192.168.107.226', '192.168.107.227', '192.168.107.223', '192.168.107.234'}"
38,192.168.107.135,"{'192.168.107.222', '192.168.107.238', '192.168.107.226', '192.168.107.227', '192.168.107.223', '192.168.107.234'}"
39,192.168.107.136,"{'192.168.107.222', '192.168.107.238', '192.168.107.226', '192.168.107.227', '192.168.107.223', '192.168.107.234'}"
40,192.168.107.137,"{'192.168.107.222', '192.168.107.238', '192.168.107.226', '192.168.107.227', '192.168.107.223', '192.168.107.234'}"
41,192.168.107.138,"{'192.168.107.222', '192.168.107.238', '192.168.107.226', '192.168.107.227', '192.168.107.223', '192.168.107.234'}"
42,192.168.107.139,"{'192.168.107.222', '192.168.107.238', '192.168.107.226', '192.168.107.227', '192.168.107.223', '192.168.107.234'}"
43,192.168.107.14,"{'192.168.107.222', '192.168.107.238', '192.168.107.226', '192.168.107.227', '192.168.107.223', '192.168.107.234'}"
44,192.168.107.140,"{'192.168.107.222', '192.168.107.238', '192.168.107.226', '192.168.107.227', '192.168.107.223', '192.168.107.234'}"
45,192.168.107.141,"{'192.168.107.222', '192.168.107.238', '192.168.107.226', '192.168.107.227', '192.168.107.223', '192.168.107.234'}"
46,192.168.107.142,"{'192.168.107.222', '192.168.107.238', '192.168.107.226', '192.168.107.227', '192.168.107.223', '192.168.107.234'}"
47,192.168.107.143,"{'192.168.107.222', '192.168.107.238', '192.168.107.226', '192.168.107.227', '192.168.107.223', '192.168.107.234'}"
48,192.168.107.144,"{'192.168.107.222', '192.168.107.238', '192.168.107.226', '192.168.107.227', '192.168.107.223', '192.168.107.234'}"
49,192.168.107.145,"{'192.168.107.222', '192.168.107.238', '192.168.107.226', '192.168.107.227', '192.168.107.223', '192.168.107.234'}"
50,192.168.107.146,"{'192.168.107.222', '192.168.107.238', '192.168.107.226', '192.168.107.227', '192.168.107.223', '192.168.107.234'}"
51,192.168.107.147,"{'192.168.107.222', '192.168.107.238', '192.168.107.226', '192.168.107.227', '192.168.107.223', '192.168.107.234'}"
52,192.168.107.148,"{'192.168.107.222', '192.168.107.238', '192.168.107.226', '192.168.107.227', '192.168.107.223', '192.168.107.234'}"
53,192.168.107.149,"{'192.168.107.222', '192.168.107.238', '192.168.107.226', '192.168.107.227', '192.168.107.223', '192.168.107.234'}"
54,192.168.107.15,"{'192.168.107.222', '192.168.107.238', '192.168.107.226', '192.168.107.227', '192.168.107.223', '192.168.107.234'}"
55,192.168.107.150,"{'192.168.107.222', '192.168.107.238', '192.168.107.226', '192.168.107.227', '192.168.107.223', '192.168.107.234'}"
56,192.168.107.151,"{'192.168.107.222', '192.168.107.238', '192.168.107.226', '192.168.107.227', '192.168.107.223', '192.168.107.234'}"
57,192.168.107.152,"{'192.168.107.222', '192.168.107.238', '192.168.107.226', '192.168.107.227', '192.168.107.223', '192.168.107.234'}"
58,192.168.107.153,"{'192.168.107.222', '192.168.107.238', '192.168.107.226', '192.168.107.227', '192.168.107.223', '192.168.107.234'}"
59,192.168.107.154,"{'192.168.107.222', '192.168.107.238', '192.168.107.226', '192.168.107.227', '192.168.107.223', '192.168.107.234'}"
60,192.168.107.155,"{'192.168.107.222', '192.168.107.238', '192.168.107.226', '192.168.107.227', '192.168.107.223', '192.168.107.234'}"
61,192.168.107.156,"{'192.168.107.222', '192.168.107.238', '192.168.107.226', '192.168.107.227', '192.168.107.223', '192.168.107.234'}"
62,192.168.107.157,"{'192.168.107.222', '192.168.107.238', '192.168.107.226', '192.168.107.227', '192.168.107.223', '192.168.107.234'}"
63,192.168.107.158,"{'192.168.107.222', '192.168.107.238', '192.168.107.226', '192.168.107.227', '192.168.107.223', '192.168.107.234'}"
64,192.168.107.159,"{'192.168.107.222', '192.168.107.238', '192.168.107.226', '192.168.107.227', '192.168.107.223', '192.168.107.234'}"
65,192.168.107.16,"{'192.168.107.222', '192.168.107.238', '192.168.107.226', '192.168.107.227', '192.168.107.223', '192.168.107.234'}"
66,192.168.107.160,"{'192.168.107.222', '192.168.107.238', '192.168.107.226', '192.168.107.227', '192.168.107.223', '192.168.107.234'}"
67,192.168.107.161,"{'192.168.107.222', '192.168.107.238', '192.168.107.226', '192.168.107.227', '192.168.107.223', '192.168.107.234'}"
68,192.168.107.162,"{'192.168.107.222', '192.168.107.238', '192.168.107.226', '192.168.107.227', '192.168.107.223', '192.168.107.234'}"
69,192.168.107.163,"{'192.168.107.222', '192.168.107.238', '192.168.107.226', '192.168.107.227', '192.168.107.223', '192.168.107.234'}"
70,192.168.107.164,"{'192.168.107.222', '192.168.107.238', '192.168.107.226', '192.168.107.227', '192.168.107.223', '192.168.107.234'}"
71,192.168.107.166,"{'192.168.107.222', '192.168.107.238', '192.168.107.226', '192.168.107.227', '192.168.107.223', '192.168.107.234'}"
72,192.168.107.167,"{'192.168.107.222', '192.168.107.238', '192.168.107.226', '192.168.107.227', '192.168.107.223', '192.168.107.234'}"
73,192.168.107.168,"{'192.168.107.222', '192.168.107.238', '192.168.107.226', '192.168.107.227', '192.168.107.223', '192.168.107.234'}"
74,192.168.107.169,"{'192.168.107.222', '192.168.107.238', '192.168.107.226', '192.168.107.227', '192.168.107.223', '192.168.107.234'}"
75,192.168.107.17,"{'192.168.107.222', '192.168.107.238', '192.168.107.226', '192.168.107.227', '192.168.107.223', '192.168.107.234'}"
76,192.168.107.170,"{'192.168.107.222', '192.168.107.238', '192.168.107.226', '192.168.107.227', '192.168.107.223', '192.168.107.234'}"
77,192.168.107.171,"{'192.168.107.222', '192.168.107.238', '192.168.107.226', '192.168.107.227', '192.168.107.223', '192.168.107.234'}"
78,192.168.107.172,"{'192.168.107.222', '192.168.107.238', '192.168.107.226', '192.168.107.227', '192.168.107.223', '192.168.107.234'}"
79,192.168.107.173,"{'192.168.107.222', '192.168.107.238', '192.168.107.226', '192.168.107.227', '192.168.107.223', '192.168.107.234'}"
80,192.168.107.174,"{'192.168.107.222', '192.168.107.238', '192.168.107.226', '192.168.107.227', '192.168.107.223', '192.168.107.234'}"
81,192.168.107.175,"{'192.168.107.222', '192.168.107.238', '192.168.107.226', '192.168.107.227', '192.168.107.223', '192.168.107.234'}"
82,192.168.107.176,"{'192.168.107.222', '192.168.107.238', '192.168.107.226', '192.168.107.227', '192.168.107.223', '192.168.107.234'}"
83,192.168.107.177,"{'192.168.107.222', '192.168.107.238', '192.168.107.226', '192.168.107.227', '192.168.107.223', '192.168.107.234'}"
84,192.168.107.178,"{'192.168.107.222', '192.168.107.238', '192.168.107.226', '192.168.107.227', '192.168.107.223', '192.168.107.234'}"
85,192.168.107.179,"{'192.168.107.222', '192.168.107.238', '192.168.107.226', '192.168.107.227', '192.168.107.223', '192.168.107.234'}"
86,192.168.107.18,"{'192.168.107.222', '192.168.107.238', '192.168.107.226', '192.168.107.227', '192.168.107.223', '192.168.107.234'}"
87,192.168.107.180,"{'192.168.107.222', '192.168.107.238', '192.168.107.226', '192.168.107.227', '192.168.107.223', '192.168.107.234'}"
88,192.168.107.181,"{'192.168.107.222', '192.168.107.238', '192.168.107.226', '192.168.107.227', '192.168.107.223', '192.168.107.234'}"
89,192.168.107.182,"{'192.168.107.222', '192.168.107.238', '192.168.107.226', '192.168.107.227', '192.168.107.223', '192.168.107.234'}"
90,192.168.107.183,"{'192.168.107.222', '192.168.107.238', '192.168.107.226', '192.168.107.227', '192.168.107.223', '192.168.107.234'}"
91,192.168.107.184,"{'192.168.107.222', '192.168.107.238', '192.168.107.226', '192.168.107.227', '192.168.107.223', '192.168.107.234'}"
92,192.168.107.185,"{'192.168.107.222', '192.168.107.238', '192.168.107.226', '192.168.107.227', '192.168.107.223', '192.168.107.234'}"
93,192.168.107.186,"{'192.168.107.222', '192.168.107.238', '192.168.107.226', '192.168.107.227', '192.168.107.223', '192.168.107.234'}"
94,192.168.107.187,"{'192.168.107.222', '192.168.107.238', '192.168.107.226', '192.168.107.227', '192.168.107.223', '192.168.107.234'}"
95,192.168.107.188,"{'192.168.107.222', '192.168.107.238', '192.168.107.226', '192.168.107.227', '192.168.107.223', '192.168.107.234'}"
96,192.168.107.189,"{'192.168.107.222', '192.168.107.238', '192.168.107.226', '192.168.107.227', '192.168.107.223', '192.168.107.234'}"
97,192.168.107.19,"{'192.168.107.222', '192.168.107.238', '192.168.107.226', '192.168.107.227', '192.168.107.223', '192.168.107.234'}"
98,192.168.107.190,"{'192.168.107.222', '192.168.107.238', '192.168.107.226', '192.168.107.227', '192.168.107.223', '192.168.107.234'}"
99,192.168.107.191,"{'192.168.107.222', '192.168.107.238', '192.168.107.226', '192.168.107.227', '192.168.107.223', '192.168.107.234'}"
100,192.168.107.192,"{'192.168.107.222', '192.168.107.238', '192.168.107.226', '192.168.107.227', '192.168.107.223', '192.168.107.234'}"
101,192.168.107.193,"{'192.168.107.222', '192.168.107.238', '192.168.107.226', '192.168.107.227', '192.168.107.223', '192.168.107.234'}"
102,192.168.107.194,"{'192.168.107.222', '192.168.107.238', '192.168.107.226', '192.168.107.227', '192.168.107.223', '192.168.107.234'}"
103,192.168.107.195,"{'192.168.107.222', '192.168.107.238', '192.168.107.226', '192.168.107.227', '192.168.107.223', '192.168.107.234'}"
104,192.168.107.196,"{'192.168.107.222', '192.168.107.238', '192.168.107.226', '192.168.107.227', '192.168.107.223', '192.168.107.234'}"
105,192.168.107.197,"{'192.168.107.222', '192.168.107.238', '192.168.107.226', '192.168.107.227', '192.168.107.223', '192.168.107.234'}"
106,192.168.107.198,"{'192.168.107.222', '192.168.107.238', '192.168.107.226', '192.168.107.227', '192.168.107.223', '192.168.107.234'}"
107,192.168.107.199,"{'192.168.107.222', '192.168.107.238', '192.168.107.226', '192.168.107.227', '192.168.107.223', '192.168.107.234'}"
108,192.168.107.20,"{'192.168.107.222', '192.168.107.238', '192.168.107.226', '192.168.107.227', '192.168.107.223', '192.168.107.234'}"
109,192.168.107.200,"{'192.168.107.222', '192.168.107.238', '192.168.107.226', '192.168.107.227', '192.168.107.223', '192.168.107.234'}"
110,192.168.107.201,"{'192.168.107.222', '192.168.107.238', '192.168.107.226', '192.168.107.227', '192.168.107.223', '192.168.107.234'}"
111,192.168.107.202,"{'192.168.107.222', '192.168.107.238', '192.168.107.226', '192.168.107.227', '192.168.107.223', '192.168.107.234'}"
112,192.168.107.203,"{'192.168.107.222', '192.168.107.238', '192.168.107.226', '192.168.107.227', '192.168.107.223', '192.168.107.234'}"
113,192.168.107.204,"{'192.168.107.222', '192.168.107.238', '192.168.107.226', '192.168.107.227', '192.168.107.223', '192.168.107.234'}"
114,192.168.107.205,"{'192.168.107.222', '192.168.107.238', '192.168.107.226', '192.168.107.227', '192.168.107.223', '192.168.107.234'}"
115,192.168.107.206,"{'192.168.107.222', '192.168.107.238', '192.168.107.226', '192.168.107.227', '192.168.107.223', '192.168.107.234'}"
116,192.168.107.207,"{'192.168.107.222', '192.168.107.238', '192.168.107.226', '192.168.107.227', '192.168.107.223', '192.168.107.234'}"
117,192.168.107.208,"{'192.168.107.222', '192.168.107.238', '192.168.107.226', '192.168.107.227', '192.168.107.223', '192.168.107.234'}"
118,192.168.107.209,"{'192.168.107.222', '192.168.107.238', '192.168.107.226', '192.168.107.227', '192.168.107.223', '192.168.107.234'}"
119,192.168.107.21,"{'192.168.107.222', '192.168.107.238', '192.168.107.226', '192.168.107.227', '192.168.107.223', '192.168.107.234'}"
120,192.168.107.210,"{'192.168.107.222', '192.168.107.238', '192.168.107.226', '192.168.107.227', '192.168.107.223', '192.168.107.234'}"
121,192.168.107.22,"{'192.168.107.222', '192.168.107.238', '192.168.107.226', '192.168.107.227', '192.168.107.223', '192.168.107.234'}"
122,192.168.107.23,"{'192.168.107.222', '192.168.107.238', '192.168.107.226', '192.168.107.227', '192.168.107.223', '192.168.107.234'}"
123,192.168.107.24,"{'192.168.107.222', '192.168.107.238', '192.168.107.226', '192.168.107.227', '192.168.107.223', '192.168.107.234'}"
124,192.168.107.25,"{'192.168.107.222', '192.168.107.238', '192.168.107.226', '192.168.107.227', '192.168.107.223', '192.168.107.234'}"
125,192.168.107.26,"{'192.168.107.222', '192.168.107.238', '192.168.107.226', '192.168.107.227', '192.168.107.223', '192.168.107.234'}"
126,192.168.107.27,"{'192.168.107.222', '192.168.107.238', '192.168.107.226', '192.168.107.227', '192.168.107.223', '192.168.107.234'}"
127,192.168.107.28,"{'192.168.107.222', '192.168.107.238', '192.168.107.226', '192.168.107.227', '192.168.107.223', '192.168.107.234'}"
128,192.168.107.29,"{'192.168.107.222', '192.168.107.238', '192.168.107.226', '192.168.107.227', '192.168.107.223', '192.168.107.234'}"
129,192.168.107.30,"{'192.168.107.222', '192.168.107.238', '192.168.107.226', '192.168.107.227', '192.168.107.223', '192.168.107.234'}"
130,192.168.107.31,"{'192.168.107.222', '192.168.107.238', '192.168.107.226', '192.168.107.227', '192.168.107.223', '192.168.107.234'}"
131,192.168.107.32,"{'192.168.107.222', '192.168.107.238', '192.168.107.226', '192.168.107.227', '192.168.107.223', '192.168.107.234'}"
132,192.168.107.33,"{'192.168.107.222', '192.168.107.238', '192.168.107.226', '192.168.107.227', '192.168.107.223', '192.168.107.234'}"
133,192.168.107.34,"{'192.168.107.222', '192.168.107.238', '192.168.107.226', '192.168.107.227', '192.168.107.223', '192.168.107.234'}"
134,192.168.107.35,"{'192.168.107.222', '192.168.107.238', '192.168.107.226', '192.168.107.227', '192.168.107.223', '192.168.107.234'}"
135,192.168.107.36,"{'192.168.107.222', '192.168.107.238', '192.168.107.226', '192.168.107.227', '192.168.107.223', '192.168.107.234'}"
136,192.168.107.37,"{'192.168.107.222', '192.168.107.238', '192.168.107.226', '192.168.107.227', '192.168.107.223', '192.168.107.234'}"
137,192.168.107.38,"{'192.168.107.222', '192.168.107.238', '192.168.107.226', '192.168.107.227', '192.168.107.223', '192.168.107.234'}"
138,192.168.107.39,"{'192.168.107.222', '192.168.107.238', '192.168.107.226', '192.168.107.227', '192.168.107.223', '192.168.107.234'}"
139,192.168.107.40,"{'192.168.107.222', '192.168.107.238', '192.168.107.226', '192.168.107.227', '192.168.107.223', '192.168.107.234'}"
140,192.168.107.41,"{'192.168.107.222', '192.168.107.238', '192.168.107.226', '192.168.107.227', '192.168.107.223', '192.168.107.234'}"
141,192.168.107.42,"{'192.168.107.222', '192.168.107.238', '192.168.107.226', '192.168.107.227', '192.168.107.223', '192.168.107.234'}"
142,192.168.107.43,"{'192.168.107.222', '192.168.107.238', '192.168.107.226', '192.168.107.227', '192.168.107.223', '192.168.107.234'}"
143,192.168.107.44,"{'192.168.107.222', '192.168.107.238', '192.168.107.226', '192.168.107.227', '192.168.107.223', '192.168.107.234'}"
144,192.168.107.45,"{'192.168.107.222', '192.168.107.238', '192.168.107.226', '192.168.107.227', '192.168.107.223', '192.168.107.234'}"
145,192.168.107.46,"{'192.168.107.222', '192.168.107.238', '192.168.107.226', '192.168.107.227', '192.168.107.223', '192.168.107.234'}"
146,192.168.107.47,"{'192.168.107.222', '192.168.107.238', '192.168.107.226', '192.168.107.227', '192.168.107.223', '192.168.107.234'}"
147,192.168.107.48,"{'192.168.107.222', '192.168.107.238', '192.168.107.226', '192.168.107.227', '192.168.107.223', '192.168.107.234'}"
148,192.168.107.49,"{'192.168.107.222', '192.168.107.238', '192.168.107.226', '192.168.107.227', '192.168.107.223', '192.168.107.234'}"
149,192.168.107.50,"{'192.168.107.222', '192.168.107.238', '192.168.107.226', '192.168.107.227', '192.168.107.223', '192.168.107.234'}"
150,192.168.107.51,"{'192.168.107.222', '192.168.107.238', '192.168.107.226', '192.168.107.227', '192.168.107.223', '192.168.107.234'}"
151,192.168.107.52,"{'192.168.107.222', '192.168.107.238', '192.168.107.226', '192.168.107.227', '192.168.107.223', '192.168.107.234'}"
152,192.168.107.53,"{'192.168.107.222', '192.168.107.238', '192.168.107.226', '192.168.107.227', '192.168.107.223', '192.168.107.234'}"
153,192.168.107.54,"{'192.168.107.222', '192.168.107.238', '192.168.107.226', '192.168.107.227', '192.168.107.223', '192.168.107.234'}"
154,192.168.107.55,"{'192.168.107.222', '192.168.107.238', '192.168.107.226', '192.168.107.227', '192.168.107.223', '192.168.107.234'}"
155,192.168.107.56,"{'192.168.107.222', '192.168.107.238', '192.168.107.226', '192.168.107.227', '192.168.107.223', '192.168.107.234'}"
156,192.168.107.57,"{'192.168.107.222', '192.168.107.238', '192.168.107.226', '192.168.107.227', '192.168.107.223', '192.168.107.234'}"
157,192.168.107.58,"{'192.168.107.222', '192.168.107.238', '192.168.107.226', '192.168.107.227', '192.168.107.223', '192.168.107.234'}"
158,192.168.107.59,"{'192.168.107.222', '192.168.107.238', '192.168.107.226', '192.168.107.227', '192.168.107.223', '192.168.107.234'}"
159,192.168.107.60,"{'192.168.107.222', '192.168.107.238', '192.168.107.226', '192.168.107.227', '192.168.107.223', '192.168.107.234'}"
160,192.168.107.61,"{'192.168.107.222', '192.168.107.238', '192.168.107.226', '192.168.107.227', '192.168.107.223', '192.168.107.234'}"
161,192.168.107.62,"{'192.168.107.222', '192.168.107.238', '192.168.107.226', '192.168.107.227', '192.168.107.223', '192.168.107.234'}"
162,192.168.107.63,"{'192.168.107.222', '192.168.107.238', '192.168.107.226', '192.168.107.227', '192.168.107.223', '192.168.107.234'}"
163,192.168.107.64,"{'192.168.107.222', '192.168.107.238', '192.168.107.226', '192.168.107.227', '192.168.107.223', '192.168.107.234'}"
164,192.168.107.65,"{'192.168.107.222', '192.168.107.238', '192.168.107.226', '192.168.107.227', '192.168.107.223', '192.168.107.234'}"
165,192.168.107.66,"{'192.168.107.222', '192.168.107.238', '192.168.107.226', '192.168.107.227', '192.168.107.223', '192.168.107.234'}"
166,192.168.107.67,"{'192.168.107.222', '192.168.107.238', '192.168.107.226', '192.168.107.227', '192.168.107.223', '192.168.107.234'}"
167,192.168.107.68,"{'192.168.107.222', '192.168.107.238', '192.168.107.226', '192.168.107.227', '192.168.107.223', '192.168.107.234'}"
168,192.168.107.69,"{'192.168.107.222', '192.168.107.238', '192.168.107.226', '192.168.107.227', '192.168.107.223', '192.168.107.234'}"
169,192.168.107.70,"{'192.168.107.222', '192.168.107.238', '192.168.107.226', '192.168.107.227', '192.168.107.223', '192.168.107.234'}"
170,192.168.107.71,"{'192.168.107.222', '192.168.107.238', '192.168.107.226', '192.168.107.227', '192.168.107.223', '192.168.107.234'}"
171,192.168.107.72,"{'192.168.107.222', '192.168.107.238', '192.168.107.226', '192.168.107.227', '192.168.107.223', '192.168.107.234'}"
172,192.168.107.73,"{'192.168.107.222', '192.168.107.238', '192.168.107.226', '192.168.107.227', '192.168.107.223', '192.168.107.234'}"
173,192.168.107.74,"{'192.168.107.222', '192.168.107.238', '192.168.107.226', '192.168.107.227', '192.168.107.223', '192.168.107.234'}"
174,192.168.107.75,"{'192.168.107.222', '192.168.107.238', '192.168.107.226', '192.168.107.227', '192.168.107.223', '192.168.107.234'}"
175,192.168.107.76,"{'192.168.107.222', '192.168.107.238', '192.168.107.226', '192.168.107.227', '192.168.107.223', '192.168.107.234'}"
176,192.168.107.77,"{'192.168.107.222', '192.168.107.238', '192.168.107.226', '192.168.107.227', '192.168.107.223', '192.168.107.234'}"
177,192.168.107.78,"{'192.168.107.222', '192.168.107.238', '192.168.107.226', '192.168.107.227', '192.168.107.223', '192.168.107.234'}"
178,192.168.107.79,"{'192.168.107.222', '192.168.107.238', '192.168.107.226', '192.168.107.227', '192.168.107.223', '192.168.107.234'}"
179,192.168.107.80,"{'192.168.107.222', '192.168.107.238', '192.168.107.226', '192.168.107.227', '192.168.107.223', '192.168.107.234'}"
180,192.168.107.81,"{'192.168.107.222', '192.168.107.238', '192.168.107.226', '192.168.107.227', '192.168.107.223', '192.168.107.234'}"
181,192.168.107.82,"{'192.168.107.222', '192.168.107.238', '192.168.107.226', '192.168.107.227', '192.168.107.223', '192.168.107.234'}"
182,192.168.107.83,"{'192.168.107.222', '192.168.107.238', '192.168.107.226', '192.168.107.227', '192.168.107.223', '192.168.107.234'}"
183,192.168.107.84,"{'192.168.107.222', '192.168.107.238', '192.168.107.226', '192.168.107.227', '192.168.107.223', '192.168.107.234'}"
184,192.168.107.85,"{'192.168.107.222', '192.168.107.238', '192.168.107.226', '192.168.107.227', '192.168.107.223', '192.168.107.234'}"
185,192.168.107.86,"{'192.168.107.222', '192.168.107.238', '192.168.107.226', '192.168.107.227', '192.168.107.223', '192.168.107.234'}"
186,192.168.107.87,"{'192.168.107.222', '192.168.107.238', '192.168.107.226', '192.168.107.227', '192.168.107.223', '192.168.107.234'}"
187,192.168.107.88,"{'192.168.107.222', '192.168.107.238', '192.168.107.226', '192.168.107.227', '192.168.107.223', '192.168.107.234'}"
188,192.168.107.89,"{'192.168.107.222', '192.168.107.238', '192.168.107.226', '192.168.107.227', '192.168.107.223', '192.168.107.234'}"
189,192.168.107.90,"{'192.168.107.222', '192.168.107.238', '192.168.107.226', '192.168.107.227', '192.168.107.223', '192.168.107.234'}"
190,192.168.107.91,"{'192.168.107.222', '192.168.107.238', '192.168.107.226', '192.168.107.227', '192.168.107.223', '192.168.107.234'}"
191,192.168.107.92,"{'192.168.107.222', '192.168.107.238', '192.168.107.226', '192.168.107.227', '192.168.107.223', '192.168.107.234'}"
192,192.168.107.93,"{'192.168.107.222', '192.168.107.238', '192.168.107.226', '192.168.107.227', '192.168.107.223', '192.168.107.234'}"
193,192.168.107.94,"{'192.168.107.222', '192.168.107.238', '192.168.107.226', '192.168.107.227', '192.168.107.223', '192.168.107.234'}"
194,192.168.107.95,"{'192.168.107.222', '192.168.107.238', '192.168.107.226', '192.168.107.227', '192.168.107.223', '192.168.107.234'}"
195,192.168.107.96,"{'192.168.107.222', '192.168.107.238', '192.168.107.226', '192.168.107.227', '192.168.107.223', '192.168.107.234'}"
196,192.168.107.97,"{'192.168.107.222', '192.168.107.238', '192.168.107.226', '192.168.107.227', '192.168.107.223', '192.168.107.234'}"
197,192.168.107.98,"{'192.168.107.222', '192.168.107.238', '192.168.107.226', '192.168.107.227', '192.168.107.223', '192.168.107.234'}"
198,192.168.107.99,"{'192.168.107.222', '192.168.107.238', '192.168.107.226', '192.168.107.227', '192.168.107.223', '192.168.107.234'}"
